category,structured_FN,RF_recovery,RF_recovery_rate,GB_recovery,GB_recovery_rate
Overall,154,27,17.532467532467532,28,18.181818181818183
High-risk group (bottom 30%),19,4,21.052631578947366,5,26.31578947368421
Low-risk group (top 30%),81,12,14.814814814814813,15,18.51851851851852
